id,slug,url,name,description,redirect_type,param_forwarding,track_me,nofollow,sponsored,new_window,source,created_at,updated_at,clicks,uniques
1,brastemp-blf14,https://amzn.to/47Co6Is,brastemp-blf14,,301,0,1,1,0,0,admin,"2024-09-25 03:47:42","2024-09-25 03:47:42",528,526
2,brastemp-blf10,https://amzn.to/4eEtj53,brastemp-blf10,,301,0,1,1,0,0,admin,"2024-09-25 04:53:14","2024-09-25 04:53:14",928,926
3,eos-ell15i,https://amzn.to/3XLFndE,eos-ell15i,,301,0,1,1,0,0,admin,"2024-09-28 02:41:20","2024-09-28 02:41:20",558,557
4,brastemp-blf08bs,https://amzn.to/3N4KEbE,brastemp-blf08bs,,301,0,1,1,0,0,admin,"2024-09-28 02:49:49","2024-09-28 02:49:49",775,773
5,electrolux-lp14x,https://amzn.to/4ehDTis,electrolux-lp14x,,301,0,1,1,0,0,admin,"2024-09-28 02:59:59","2024-09-28 02:59:59",624,623
6,midea-dwa14,https://amzn.to/4gKz4Qg,midea-dwa14,,301,0,1,1,0,0,admin,"2024-09-28 03:08:30","2024-09-28 03:08:30",683,682
7,panasonic-np-6m1mbkbrp,https://amzn.to/4eGpZGi,"Lava-Louças Preto Panasonic NP-6M1MBKBRP 220V | Amazon.com.br",,301,0,1,1,0,0,admin,"2024-09-28 03:17:56","2024-09-28 03:17:56",511,510
8,samsung-dw50C6070fs/az,https://amzn.to/41qnKCx,"Lava-Louças Samsung Inox 10 Serviços 110V DW50C6070FS/AZ | Amazon.com.br",,301,0,1,1,0,0,admin,"2024-09-28 03:28:06","2026-03-25 01:18:47",912,911
9,samsung-dw60c7050fg,https://amzn.to/3zFkVmT,"Lava-Louças Samsung Inox Preta 14 Serviços 110V DW60C7050FG/AZ | Amazon.com.br",,301,0,1,1,0,0,admin,"2024-09-28 03:36:48","2024-09-28 03:36:58",503,502
10,electrolux-ll10b,https://amzn.to/4bJSZxj,"Lava Louças 10 Serviços Branca com Função Higienizar Compras Electrolux | Amazon.com.br",,301,0,1,1,0,0,admin,"2024-09-28 03:44:19","2026-03-25 01:20:12",738,733
11,electrolux-ll08b,https://amzn.to/3PwSmws,"Lava-Louças Electrolux 8 Serviços Branco (LL08B) 220V | Amazon.com.br",,301,0,1,1,0,0,admin,"2024-09-28 03:50:53","2025-01-22 16:01:08",595,594
12,electrolux-ll08b,https://amzn.to/47MnvE7,"Lava-Louças Electrolux 8 Serviços Branco (LL08B) 220V | Amazon.com.br",,307,0,1,1,0,0,admin,"2024-09-28 03:50:54","2024-09-28 03:50:54",0,0
13,brastemp-blf08bb,https://amzn.to/48089fi,"Lava Louças Brastemp 8 Serviços Branca BLF08BB – 127 Volts | Amazon.com.br",,301,0,1,1,0,0,admin,"2024-10-08 02:59:27","2024-10-08 03:00:20",693,693
14,midea-dwa08s1,https://amzn.to/485xpkv,midea-dwa08s1,,301,0,1,1,0,0,admin,"2024-10-08 03:23:44","2024-10-08 03:23:44",1040,1040
15,electrolux-ll08s,https://amzn.to/4gZ4dzB,electrolux-ll08s,,301,0,1,1,0,0,admin,"2024-10-08 03:24:56","2024-10-08 03:24:56",858,858
16,electrolux-lv08b,https://amzn.to/3YbQ9eS,electrolux-lv08b,,301,0,1,1,0,0,admin,"2024-10-08 03:33:06","2024-10-08 03:33:06",548,548
17,cuisinart-arkton,https://amzn.to/3ZTKZFs,cuisinart-arkton,,301,0,1,1,0,0,admin,"2024-10-08 03:41:26","2024-10-08 03:41:26",376,376
18,brastemp-blf14ar,https://amzn.to/4dPj4dq,brastemp-blf14ar,,301,0,1,1,0,0,admin,"2024-10-10 14:11:42","2024-10-10 14:11:42",437,437
19,brastemp-blf10br,https://amzn.to/4joqCHT,"Lava-louças Brastemp Inox 10 Serviços Blf10br 220v | Amazon.com.br",,301,0,1,1,0,0,admin,"2024-10-10 14:21:45","2025-01-22 16:04:29",1244,1239
20,midea-dwa14p2,https://amzn.to/4dHfNN7,midea-dwa14p2,,301,0,1,1,0,0,admin,"2024-10-10 14:53:38","2024-10-10 14:53:38",514,514
21,samsung-dw50c6070fs-az,https://amzn.to/41qnKCx,samsung-dw50c6070fs-az,,301,0,1,1,0,0,admin,"2024-10-11 13:43:12","2026-03-25 01:21:19",877,870
22,eos-ell14p,https://amzn.to/485GvO9,"Lava Louças 14 Serviços Eos Ell14p Preta 220v | Amazon.com.br",,301,0,1,1,0,0,admin,"2024-10-11 14:01:03","2024-10-11 14:01:03",809,806
23,electrolux-le08s,https://amzn.to/4861XCx,"Lava-Louças Electrolux 8 Serviços Inox Compacta com Programa Eco (LE08S) - 127V : Amazon.com.br: Cozinha",,301,0,1,1,0,0,admin,"2024-10-11 14:50:28","2024-10-11 14:50:28",491,491
24,brastemp-blf10bb,https://amzn.to/4gIwABx,brastemp-blf10bb,,301,0,1,1,0,0,admin,"2025-01-09 15:26:38","2025-01-09 15:26:38",488,483
25,electrolux-ll14p,https://amzn.to/4j0OukH,electrolux-ll14p,,301,0,1,1,0,0,admin,"2025-01-09 15:28:41","2025-01-09 15:28:41",382,382
26,midea-dwa14s1,https://amzn.to/403wayz,midea-dwa14s1,,301,0,1,1,0,0,admin,"2025-01-09 15:29:40","2025-01-09 15:29:40",905,905
27,panasonic-np-6m2ftkbrp,https://amzn.to/4h4ZqMe,panasonic-np-6m2ftkbrp,,301,0,1,1,0,0,admin,"2025-01-09 15:30:52","2025-01-09 15:30:52",719,715
28,philco-pll10,https://amzn.to/407UPlR,philco-pll10,,301,0,1,1,0,0,admin,"2025-01-09 15:31:57","2025-01-09 15:31:57",583,580
29,eos-ell10s,https://amzn.to/4j3sKVg,"Lava Louças Eos 10 Serviços Prata Ell10s 220v | Amazon.com.br",,301,0,1,1,0,0,admin,"2025-01-22 15:57:54","2025-01-22 15:57:54",597,595
30,midea-dwa14s2,https://link.amazon/B09MgXRYa,midea-dwa14s2,,301,0,1,1,0,0,admin,"2025-01-22 15:59:12","2026-07-19 17:27:44",642,638
31,electrolux-ll10x,https://amzn.to/4gOiQ8C,electrolux-ll10x,,301,0,1,1,0,0,admin,"2025-01-22 16:00:20","2025-01-22 16:00:20",728,723
32,midea-dwa08p2,https://amzn.to/40ambYj,midea-dwa08p2,,301,0,1,1,0,0,admin,"2025-01-22 16:03:20","2025-01-22 16:03:20",590,590
33,samsung-dw60c7050fs-az,https://amzn.to/3DTvlBi,samsung-dw60c7050fs/az,,301,0,1,1,0,0,admin,"2025-01-22 16:05:44","2025-01-22 16:06:06",706,706
34,finish-quantum-max,https://amzn.to/4jabei6,finish-quantum-max,,301,0,1,1,0,0,admin,"2025-01-24 03:35:27","2025-01-24 03:35:27",569,569
35,finish-advanced,https://amzn.to/4j8UyYq,finish-advanced,,301,0,1,1,0,0,admin,"2025-01-24 03:36:08","2025-01-24 03:36:08",468,468
36,renko-dertex,https://amzn.to/4abRE12,renko-dertex,,301,0,1,1,0,0,admin,"2025-01-24 03:36:55","2025-01-24 03:36:55",363,362
37,cif-tabletes,https://amzn.to/4gJxmhM,cif-tabletes,,301,0,1,1,0,0,admin,"2025-01-24 03:37:43","2025-01-24 03:37:43",363,363
38,finish-quantum,https://amzn.to/428uK8E,finish-quantum,,301,0,1,1,0,0,admin,"2025-01-24 03:38:24","2025-01-24 03:38:24",373,373
39,jimo-lava-louca-gel,https://amzn.to/4gOVMGK,jimo-lava-louça-gel,,301,0,1,1,0,0,admin,"2025-01-24 03:39:12","2025-01-24 03:40:50",544,544
40,biowash-lava-loucas-em-po,https://amzn.to/4gSsTJU,biowash-lava-loucas-em-po,,301,0,1,1,0,0,admin,"2025-01-24 03:40:23","2025-01-24 03:40:23",470,470
41,unik-detergente-em-po,https://amzn.to/40eLSHe,unik-detergente-em-po,,301,0,1,1,0,0,admin,"2025-01-24 03:43:13","2025-01-24 03:43:13",341,341
42,dish-washer,https://amzn.to/4j9DAJw,dish-washer,,301,0,1,1,0,0,admin,"2025-01-24 03:43:57","2025-01-24 03:43:57",502,502
43,cascade-platinum-actionpacs,https://amzn.to/4ham5Xx,"Dishwasher Action Pacs, Fresh Scent, 25-Ct. -80675 : Amazon.com.br: Saúde e Bem-Estar",,301,0,1,1,0,0,admin,"2025-01-24 03:44:58","2025-01-24 03:44:58",297,297
44,philco-pll14id,https://amzn.to/4iJZnqJ,"Lava Louças Philco PLL14ID Digital 14 Serviços 127V : Amazon.com.br: Indústria e Comércio",,301,0,1,1,0,0,admin,"2025-03-22 13:27:52","2025-03-22 13:27:52",384,384
45,eos-ell14s,https://amzn.to/42eOmXj,eos-ell14s,,301,0,1,1,0,0,admin,"2025-04-03 23:47:41","2025-04-03 23:47:41",0,0
46,electrolux-ll14x,https://amzn.to/3YdNFfH,electrolux-ll14x,,301,0,1,1,0,0,admin,"2025-04-23 00:28:54","2025-04-23 00:28:54",540,540
47,brastemp-blf61ar,https://amzn.to/42R8LC5,brastemp-blf61ar,,301,0,1,1,0,0,admin,"2025-04-29 23:38:01","2025-04-29 23:38:01",619,619
48,electrolux-10-servicos,https://amzn.to/4rPSXKm,electrolux-10-servicos,,301,0,1,1,0,0,admin,"2026-03-24 01:01:15","2026-03-24 01:01:15",98,98
49,midea-8-servicos,https://amzn.to/4sVN8M5,"Lava Louças 8 Serviços Prata 127V Midea | Amazon.com.br",,301,0,1,1,0,0,admin,"2026-03-24 01:02:10","2026-03-24 01:02:10",104,104
50,electrolux-8-servicos,https://amzn.to/3PyXbZ9,electrolux-8-servicos,,301,0,1,1,0,0,admin,"2026-03-24 01:03:15","2026-03-24 01:03:15",182,182
51,electrolux-14-servicos,https://amzn.to/4svtIhy,electrolux-14-servicos,,301,0,1,1,0,0,admin,"2026-03-24 01:04:02","2026-03-24 01:04:02",113,113
52,brastemp-blf61ab,https://link.amazon/B0cR8m6EM,"Brastemp 15 Serviços BLF61AB",,301,0,1,1,0,0,admin,"2026-07-19 17:26:59","2026-07-19 17:26:59",62,58
53,electrolux-ls08e,https://link.amazon/B00kJfQxy,"Electrolux 8 Serviços LS08E",,301,0,1,1,0,0,admin,"2026-07-19 17:29:05","2026-07-19 17:29:05",56,53
54,midea-mdwtf08s1,https://link.amazon/B044qQyeR,"Midea 8 Serviços MDWTF08S1",,301,0,1,1,0,0,admin,"2026-07-19 18:10:58","2026-07-19 18:10:58",58,54
55,brastemp-blf08,https://link.amazon/B06nRoDIf,"Brastemp 8 Serviços BLF08",,301,0,1,1,0,0,admin,"2026-07-19 18:12:43","2026-07-19 18:12:43",61,57
56,electrolux-ls14e,https://link.amazon/B03BoJZgo,"Electrolux 14 Serviços LS14E",,301,0,1,1,0,0,admin,"2026-07-19 18:24:24","2026-07-19 18:24:24",59,55
